title,category,slug,nco_code,median_pay_monthly,median_pay_annual,num_jobs,outlook_pct,outlook_desc,female_pct,urban_pct,rural_pct,education_summary,wage_sample_size
Market Gardeners and Crop Producers,Agriculture & Fishery,market-gardeners-and-crop-producers,611,7500,90000,28853,-2,Slow Decline,31.8,100.0,0.0,"{""Graduate"": 12.7, ""Technical diploma/certificate"": 9.0, ""Not literate"": 26.1, ""Middle"": 7.2, ""Post graduate with technical degree"": 4.5, ""Higher secondary"": 23.9, ""Secondary"": 15.4, ""Graduate with technical degree"": 0.5, ""Level 13"": 0.7, ""Literate but no formal schooling"": 0.1, ""Primary"": 0.0}",971
Shop Salespersons,Service & Sales,shop-salespersons,522,7500,90000,13757,11,Fast Growth,21.2,100.0,0.0,"{""Technical diploma/certificate"": 18.2, ""Higher secondary"": 25.4, ""Secondary"": 10.2, ""Not literate"": 6.7, ""Graduate"": 17.9, ""Post graduate with technical degree"": 14.4, ""Graduate with technical degree"": 1.5, ""Level 13"": 2.2, ""Middle"": 3.3, ""Primary"": 0.0, ""Literate but no formal schooling"": 0.1}",23
Animal Producers,Agriculture & Fishery,animal-producers,612,6250,75000,7000,-2,Slow Decline,77.6,100.0,0.0,"{""Higher secondary"": 22.4, ""Not literate"": 35.5, ""Technical diploma/certificate"": 5.5, ""Graduate"": 9.1, ""Middle"": 7.6, ""Secondary"": 16.7, ""Post graduate with technical degree"": 2.1, ""Literate but no formal schooling"": 0.2, ""Graduate with technical degree"": 0.4, ""Level 13"": 0.4, ""Below primary"": 0.0, ""Primary"": 0.0}",93
"Car, Van and Motorcycle Drivers",Machine Operators,"car,-van-and-motorcycle-drivers",832,12500,150000,5903,7,Moderate Growth,0.1,100.0,0.0,"{""Not literate"": 5.5, ""Graduate"": 21.5, ""Technical diploma/certificate"": 13.7, ""Post graduate with technical degree"": 4.8, ""Middle"": 3.8, ""Secondary"": 13.2, ""Higher secondary"": 35.6, ""Graduate with technical degree"": 1.5, ""Level 13"": 0.3, ""Literate but no formal schooling"": 0.1, ""Primary"": 0.0}",17
Mixed Crop and Animal Producers,Agriculture & Fishery,mixed-crop-and-animal-producers,613,7500,90000,5524,-2,Slow Decline,50.2,100.0,0.0,"{""Higher secondary"": 21.2, ""Not literate"": 34.0, ""Secondary"": 15.4, ""Middle"": 7.4, ""Technical diploma/certificate"": 7.4, ""Graduate"": 9.8, ""Post graduate with technical degree"": 3.7, ""Level 13"": 0.7, ""Graduate with technical degree"": 0.3, ""Literate but no formal schooling"": 0.1, ""Primary"": 0.0}",71
"Domestic, Hotel and Office Cleaners and Helpers",Elementary,"domestic,-hotel-and-office-cleaners-and-helpers",911,6250,75000,3002,5,Moderate Growth,73.5,100.0,0.0,"{""Not literate"": 31.6, ""Graduate"": 10.3, ""Middle"": 9.4, ""Secondary"": 17.2, ""Post graduate with technical degree"": 1.7, ""Higher secondary"": 23.0, ""Technical diploma/certificate"": 5.9, ""Graduate with technical degree"": 0.5, ""Level 13"": 0.2, ""Literate but no formal schooling"": 0.1, ""Primary"": 0.0}",8
Subsistence Crop Farmers,Agriculture & Fishery,subsistence-crop-farmers,631,7500,90000,2814,-2,Slow Decline,57.7,100.0,0.0,"{""Not literate"": 33.4, ""Technical diploma/certificate"": 7.8, ""Post graduate with technical degree"": 2.8, ""Higher secondary"": 21.0, ""Secondary"": 15.9, ""Graduate"": 11.2, ""Middle"": 6.7, ""Graduate with technical degree"": 0.7, ""Literate but no formal schooling"": 0.1, ""Level 13"": 0.3, ""Primary"": 0.1}",100
Protective Services Workers,Service & Sales,protective-services-workers,541,7500,90000,2576,11,Fast Growth,6.5,100.0,0.0,"{""Graduate"": 18.6, ""Not literate"": 4.4, ""Technical diploma/certificate"": 24.2, ""Higher secondary"": 19.9, ""Post graduate with technical degree"": 20.4, ""Secondary"": 6.2, ""Level 13"": 3.1, ""Middle"": 2.2, ""Graduate with technical degree"": 1.0}",3
Transport and Storage Labourers,Elementary,transport-and-storage-labourers,932,10625,127500,2377,5,Moderate Growth,26.6,100.0,0.0,"{""Higher secondary"": 30.5, ""Graduate"": 17.6, ""Middle"": 4.5, ""Technical diploma/certificate"": 15.4, ""Secondary"": 14.2, ""Post graduate with technical degree"": 4.8, ""Not literate"": 10.5, ""Literate but no formal schooling"": 0.1, ""Graduate with technical degree"": 1.7, ""Level 13"": 0.5, ""Primary"": 0.0}",10
Social Professionals,Professionals,social-professionals,234,7500,90000,2316,18,Very Fast Growth,54.7,100.0,0.0,"{""Technical diploma/certificate"": 15.0, ""Post graduate with technical degree"": 52.5, ""Graduate with technical degree"": 4.6, ""Level 13"": 23.7, ""Graduate"": 3.4, ""Higher secondary"": 0.6, ""Secondary"": 0.2}",1
Precision Instrument Makers and Repairers,Craft & Trades,precision-instrument-makers-and-repairers,731,6125,73500,2156,9,Fast Growth,55.4,100.0,0.0,"{""Higher secondary"": 30.9, ""Graduate"": 15.7, ""Secondary"": 15.7, ""Not literate"": 14.6, ""Technical diploma/certificate"": 9.9, ""Post graduate with technical degree"": 5.7, ""Middle"": 5.9, ""Graduate with technical degree"": 0.6, ""Level 13"": 1.0}",10
Managing Directors and Chief Executives,Managers,managing-directors-and-chief-executives,112,6625,79500,1971,13,Fast Growth,18.4,100.0,0.0,"{""Technical diploma/certificate"": 15.0, ""Post graduate with technical degree"": 18.7, ""Graduate"": 14.8, ""Not literate"": 7.6, ""Higher secondary"": 20.8, ""Secondary"": 9.7, ""Graduate with technical degree"": 2.7, ""Level 13"": 6.4, ""Middle"": 4.2, ""Literate but no formal schooling"": 0.2}",3
Cooks,Service & Sales,cooks,512,6250,75000,1900,11,Fast Growth,53.3,100.0,0.0,"{""Secondary"": 19.5, ""Not literate"": 18.5, ""Higher secondary"": 27.8, ""Middle"": 8.1, ""Graduate"": 13.4, ""Literate but no formal schooling"": 0.1, ""Technical diploma/certificate"": 9.2, ""Post graduate with technical degree"": 2.0, ""Primary"": 0.1, ""Graduate with technical degree"": 0.9, ""Level 13"": 0.4}",2
Street Food and Market Salespersons,Service & Sales,street-food-and-market-salespersons,521,7375,88500,1858,11,Fast Growth,20.1,100.0,0.0,"{""Not literate"": 19.5, ""Higher secondary"": 25.9, ""Secondary"": 17.1, ""Middle"": 6.9, ""Graduate"": 13.2, ""Technical diploma/certificate"": 8.8, ""Level 13"": 0.8, ""Literate but no formal schooling"": 0.3, ""Graduate with technical degree"": 0.9, ""Post graduate with technical degree"": 6.6}",6
Heavy Truck and Bus Drivers,Machine Operators,heavy-truck-and-bus-drivers,833,15625,187500,1798,7,Moderate Growth,0.1,100.0,0.0,"{""Graduate"": 23.1, ""Secondary"": 15.1, ""Higher secondary"": 34.9, ""Not literate"": 5.6, ""Technical diploma/certificate"": 12.2, ""Graduate with technical degree"": 1.0, ""Middle"": 3.9, ""Post graduate with technical degree"": 4.0, ""Primary"": 0.1, ""Literate but no formal schooling"": 0.1}",6
Machinery Mechanics and Repairers,Craft & Trades,machinery-mechanics-and-repairers,723,10000,120000,1796,9,Fast Growth,0.7,100.0,0.0,"{""Post graduate with technical degree"": 7.5, ""Technical diploma/certificate"": 13.7, ""Graduate"": 20.3, ""Secondary"": 11.9, ""Higher secondary"": 29.9, ""Not literate"": 4.3, ""Graduate with technical degree"": 8.7, ""Middle"": 3.0, ""Level 13"": 0.6, ""Literate but no formal schooling"": 0.1}",4
General Office Clerks,Clerical Support,general-office-clerks,411,,,1774,8,Fast Growth,27.0,100.0,0.0,"{""Technical diploma/certificate"": 19.5, ""Level 13"": 13.8, ""Graduate"": 8.5, ""Post graduate with technical degree"": 50.2, ""Higher secondary"": 4.2, ""Graduate with technical degree"": 2.5, ""Not literate"": 0.3, ""Secondary"": 1.0, ""Middle"": 0.1, ""Below primary"": 0.1}",0
"Archivists, Librarians and Information Professionals",Professionals,"archivists,-librarians-and-information-professionals",233,10000,120000,1666,18,Very Fast Growth,45.1,100.0,0.0,"{""Post graduate with technical degree"": 39.7, ""Level 13"": 57.4, ""Technical diploma/certificate"": 2.2, ""Graduate with technical degree"": 0.6, ""Graduate"": 0.1}",1
"Miners, Shotfirers, Stone Cutters and Carvers",Craft & Trades,"miners,-shotfirers,-stone-cutters-and-carvers",711,11250,135000,1554,9,Fast Growth,1.0,100.0,0.0,"{""Graduate"": 15.6, ""Not literate"": 13.0, ""Middle"": 4.5, ""Graduate with technical degree"": 1.0, ""Higher secondary"": 34.3, ""Secondary"": 19.9, ""Technical diploma/certificate"": 8.6, ""Post graduate with technical degree"": 2.6, ""Level 13"": 0.4, ""Literate but no formal schooling"": 0.1}",2
"Textiles, Garments and Leather Trades Workers",Craft & Trades,"textiles,-garments-and-leather-trades-workers",751,5125,61500,1334,9,Fast Growth,55.2,100.0,0.0,"{""Graduate"": 14.2, ""Not literate"": 22.6, ""Technical diploma/certificate"": 8.2, ""Higher secondary"": 25.7, ""Secondary"": 17.5, ""Middle"": 7.4, ""Post graduate with technical degree"": 3.4, ""Graduate with technical degree"": 0.5, ""Level 13"": 0.3, ""Literate but no formal schooling"": 0.1}",16
Other Sales Workers,Service & Sales,other-sales-workers,524,12750,153000,1323,11,Fast Growth,13.7,100.0,0.0,"{""Technical diploma/certificate"": 19.4, ""Middle"": 3.8, ""Not literate"": 4.2, ""Graduate"": 16.6, ""Higher secondary"": 22.3, ""Post graduate with technical degree"": 19.7, ""Secondary"": 8.2, ""Graduate with technical degree"": 2.9, ""Level 13"": 2.8, ""Primary"": 0.1, ""Literate but no formal schooling"": 0.1}",4
Library and Mail Clerks,Clerical Support,library-and-mail-clerks,441,2500,30000,1239,8,Fast Growth,26.5,100.0,0.0,"{""Higher secondary"": 25.0, ""Graduate with technical degree"": 1.3, ""Post graduate with technical degree"": 21.2, ""Graduate"": 20.1, ""Level 13"": 3.2, ""Technical diploma/certificate"": 18.5, ""Not literate"": 1.8, ""Secondary"": 7.0, ""Middle"": 1.7, ""Literate but no formal schooling"": 0.2}",1
Food Processing and Related Trades Workers,Craft & Trades,food-processing-and-related-trades-workers,741,17500,210000,1224,9,Fast Growth,0.6,100.0,0.0,"{""Post graduate with technical degree"": 10.8, ""Secondary"": 7.0, ""Graduate"": 21.4, ""Technical diploma/certificate"": 18.3, ""Graduate with technical degree"": 15.6, ""Higher secondary"": 23.3, ""Not literate"": 2.0, ""Literate but no formal schooling"": 0.1, ""Middle"": 0.7, ""Level 13"": 0.7, ""Primary"": 0.1}",3
Software and Applications Developers and Analysts,Professionals,software-and-applications-developers-and-analysts,251,,,990,25,Very Fast Growth,27.8,100.0,0.0,"{""Level 13"": 21.9, ""Post graduate with technical degree"": 75.9, ""Graduate with technical degree"": 1.5, ""Technical diploma/certificate"": 0.7}",0
Sales and Marketing Professionals,Professionals,sales-and-marketing-professionals,241,10000,120000,908,18,Very Fast Growth,21.3,100.0,0.0,"{""Post graduate with technical degree"": 54.2, ""Graduate"": 6.4, ""Graduate with technical degree"": 2.3, ""Level 13"": 22.0, ""Not literate"": 0.6, ""Technical diploma/certificate"": 10.9, ""Secondary"": 1.1, ""Higher secondary"": 2.2, ""Middle"": 0.3}",1
"Hairdressers, Beauticians and Related Workers",Service & Sales,"hairdressers,-beauticians-and-related-workers",514,10000,120000,894,11,Fast Growth,29.2,100.0,0.0,"{""Not literate"": 7.3, ""Graduate"": 20.0, ""Higher secondary"": 29.4, ""Technical diploma/certificate"": 15.5, ""Secondary"": 13.9, ""Middle"": 3.0, ""Post graduate with technical degree"": 8.1, ""Graduate with technical degree"": 1.2, ""Level 13"": 1.5, ""Literate but no formal schooling"": 0.1}",1
"Mining, Manufacturing and Construction Supervisors",Technicians & Associates,"mining,-manufacturing-and-construction-supervisors",312,,,850,15,Very Fast Growth,5.4,100.0,0.0,"{""Graduate"": 15.2, ""Level 13"": 5.4, ""Secondary"": 3.2, ""Post graduate with technical degree"": 30.6, ""Technical diploma/certificate"": 19.9, ""Higher secondary"": 14.9, ""Graduate with technical degree"": 8.9, ""Not literate"": 1.1, ""Middle"": 0.8}",0
Nursing and Midwifery Associate Professionals,Technicians & Associates,nursing-and-midwifery-associate-professionals,322,,,845,15,Very Fast Growth,90.4,100.0,0.0,"{""Technical diploma/certificate"": 20.7, ""Graduate"": 19.3, ""Post graduate with technical degree"": 23.0, ""Level 13"": 3.2, ""Middle"": 1.2, ""Higher secondary"": 17.0, ""Secondary"": 4.0, ""Graduate with technical degree"": 10.8, ""Not literate"": 0.8}",0
Keyboard Operators,Clerical Support,keyboard-operators,413,,,750,16,Very Fast Growth,25.2,100.0,0.0,"{""Technical diploma/certificate"": 22.0, ""Post graduate with technical degree"": 51.2, ""Level 13"": 13.9, ""Graduate"": 6.1, ""Higher secondary"": 2.7, ""Graduate with technical degree"": 3.6, ""Not literate"": 0.1, ""Secondary"": 0.4}",0
Metal Moulders and Core Makers,Craft & Trades,metal-moulders-and-core-makers,721,10625,127500,732,9,Fast Growth,1.1,100.0,0.0,"{""Technical diploma/certificate"": 13.9, ""Graduate"": 22.4, ""Not literate"": 6.1, ""Higher secondary"": 31.0, ""Post graduate with technical degree"": 3.6, ""Secondary"": 13.1, ""Graduate with technical degree"": 6.0, ""Middle"": 3.0, ""Literate but no formal schooling"": 0.3, ""Level 13"": 0.5}",6
Religious Professionals,Professionals,religious-professionals,235,,,732,18,Very Fast Growth,51.1,100.0,0.0,"{""Post graduate with technical degree"": 48.5, ""Technical diploma/certificate"": 16.0, ""Secondary"": 0.8, ""Graduate"": 7.2, ""Graduate with technical degree"": 1.6, ""Level 13"": 21.7, ""Higher secondary"": 3.8, ""Primary"": 0.1, ""Middle"": 0.1}",0
Refuse Workers and Other Elementary Workers,Elementary,refuse-workers-and-other-elementary-workers,961,,,729,5,Moderate Growth,37.0,100.0,0.0,"{""Not literate"": 30.5, ""Higher secondary"": 23.6, ""Graduate"": 9.6, ""Technical diploma/certificate"": 5.3, ""Middle"": 8.2, ""Secondary"": 21.3, ""Literate but no formal schooling"": 0.3, ""Post graduate with technical degree"": 0.8, ""Graduate with technical degree"": 0.3, ""Level 13"": 0.1}",0
"Rubber, Plastics and Paper Products Machine Operators",Machine Operators,"rubber,-plastics-and-paper-products-machine-operators",815,20000,240000,692,7,Moderate Growth,25.1,100.0,0.0,"{""Technical diploma/certificate"": 15.0, ""Secondary"": 15.8, ""Higher secondary"": 27.7, ""Graduate"": 20.8, ""Graduate with technical degree"": 2.7, ""Not literate"": 7.2, ""Middle"": 4.3, ""Post graduate with technical degree"": 5.8, ""Literate but no formal schooling"": 0.1, ""Level 13"": 0.4}",1
Building Frame and Related Trades Workers,Craft & Trades,building-frame-and-related-trades-workers,712,15000,180000,635,9,Fast Growth,0.6,100.0,0.0,"{""Not literate"": 10.1, ""Secondary"": 14.6, ""Graduate"": 19.8, ""Higher secondary"": 32.3, ""Middle"": 3.5, ""Post graduate with technical degree"": 3.6, ""Technical diploma/certificate"": 12.8, ""Graduate with technical degree"": 2.5, ""Level 13"": 0.8}",3
Social and Behavioral Science Professionals,Professionals,social-and-behavioral-science-professionals,263,,,579,18,Very Fast Growth,11.1,100.0,0.0,"{""Technical diploma/certificate"": 16.2, ""Post graduate with technical degree"": 20.9, ""Graduate"": 19.2, ""Secondary"": 11.1, ""Higher secondary"": 17.1, ""Not literate"": 4.8, ""Level 13"": 6.9, ""Graduate with technical degree"": 1.7, ""Middle"": 1.9, ""Literate but no formal schooling"": 0.2}",0
Insurance and Real Estate Sales Agents,Technicians & Associates,insurance-and-real-estate-sales-agents,332,,,572,15,Very Fast Growth,11.7,100.0,0.0,"{""Level 13"": 11.5, ""Post graduate with technical degree"": 39.2, ""Not literate"": 1.2, ""Higher secondary"": 7.5, ""Graduate"": 13.5, ""Secondary"": 2.4, ""Technical diploma/certificate"": 18.7, ""Graduate with technical degree"": 4.5, ""Middle"": 1.4}",0
Business Services and Administration Managers,Managers,business-services-and-administration-managers,121,,,565,13,Fast Growth,13.6,100.0,0.0,"{""Post graduate with technical degree"": 35.0, ""Level 13"": 26.2, ""Middle"": 1.6, ""Technical diploma/certificate"": 11.9, ""Secondary"": 3.5, ""Graduate"": 8.7, ""Not literate"": 2.1, ""Graduate with technical degree"": 2.7, ""Higher secondary"": 8.3}",0
Building and Housekeeping Supervisors,Service & Sales,building-and-housekeeping-supervisors,515,14500,174000,502,11,Fast Growth,31.9,100.0,0.0,"{""Higher secondary"": 23.1, ""Post graduate with technical degree"": 10.8, ""Graduate"": 14.5, ""Not literate"": 13.3, ""Middle"": 4.8, ""Technical diploma/certificate"": 12.7, ""Secondary"": 15.7, ""Graduate with technical degree"": 2.0, ""Level 13"": 2.8, ""Primary"": 0.2}",1
"Agricultural, Fishery and Related Labourers",Elementary,"agricultural,-fishery-and-related-labourers",921,10000,120000,490,5,Moderate Growth,46.7,100.0,0.0,"{""Secondary"": 20.6, ""Not literate"": 31.0, ""Higher secondary"": 19.6, ""Middle"": 11.8, ""Graduate"": 8.6, ""Technical diploma/certificate"": 4.7, ""Post graduate with technical degree"": 2.2, ""Graduate with technical degree"": 0.6, ""Level 13"": 0.6, ""Primary"": 0.2}",7
Footwear and Leather Goods Makers,Craft & Trades,footwear-and-leather-goods-makers,752,20000,240000,475,9,Fast Growth,3.2,100.0,0.0,"{""Secondary"": 18.9, ""Higher secondary"": 33.5, ""Graduate"": 20.6, ""Not literate"": 6.7, ""Middle"": 3.8, ""Technical diploma/certificate"": 10.9, ""Post graduate with technical degree"": 4.6, ""Literate but no formal schooling"": 0.2, ""Graduate with technical degree"": 0.6}",2
Engineering Professionals,Professionals,engineering-professionals,214,,,472,25,Very Fast Growth,6.1,100.0,0.0,"{""Post graduate with technical degree"": 69.9, ""Technical diploma/certificate"": 1.9, ""Graduate with technical degree"": 16.9, ""Level 13"": 10.0, ""Graduate"": 0.8, ""Higher secondary"": 0.4}",0
Manufacturing Labourers,Elementary,manufacturing-labourers,931,12500,150000,470,5,Moderate Growth,10.2,100.0,0.0,"{""Not literate"": 15.7, ""Secondary"": 15.1, ""Middle"": 4.7, ""Higher secondary"": 31.3, ""Technical diploma/certificate"": 11.5, ""Graduate"": 14.3, ""Graduate with technical degree"": 1.7, ""Post graduate with technical degree"": 5.3, ""Level 13"": 0.4}",14
Subsistence Livestock Farmers,Agriculture & Fishery,subsistence-livestock-farmers,632,6875,82500,462,-2,Slow Decline,86.1,100.0,0.0,"{""Graduate"": 7.8, ""Secondary"": 20.1, ""Technical diploma/certificate"": 4.3, ""Not literate"": 41.6, ""Higher secondary"": 17.7, ""Graduate with technical degree"": 1.1, ""Middle"": 5.4, ""Post graduate with technical degree"": 1.5, ""Level 13"": 0.4}",8
Library and Filing Clerks,Clerical Support,library-and-filing-clerks,431,,,460,8,Fast Growth,23.3,100.0,0.0,"{""Post graduate with technical degree"": 55.0, ""Level 13"": 16.1, ""Graduate"": 6.1, ""Higher secondary"": 3.7, ""Technical diploma/certificate"": 15.7, ""Middle"": 0.4, ""Graduate with technical degree"": 2.4, ""Secondary"": 0.7}",0
"Economists, Accountants and Auditors",Professionals,"economists,-accountants-and-auditors",231,,,452,18,Very Fast Growth,43.1,100.0,0.0,"{""Level 13"": 83.4, ""Post graduate with technical degree"": 15.3, ""Technical diploma/certificate"": 0.7, ""Graduate"": 0.2, ""Graduate with technical degree"": 0.4}",0
"Fishery Workers, Hunters and Trappers",Agriculture & Fishery,"fishery-workers,-hunters-and-trappers",622,8750,105000,430,-2,Slow Decline,10.5,100.0,0.0,"{""Secondary"": 16.5, ""Not literate"": 20.9, ""Graduate"": 11.2, ""Post graduate with technical degree"": 5.8, ""Technical diploma/certificate"": 7.2, ""Higher secondary"": 26.5, ""Middle"": 10.0, ""Level 13"": 0.7, ""Graduate with technical degree"": 1.2}",5
Subsistence Mixed Crop and Livestock Farmers,Agriculture & Fishery,subsistence-mixed-crop-and-livestock-farmers,633,6000,72000,425,-2,Slow Decline,64.9,100.0,0.0,"{""Not literate"": 30.6, ""Secondary"": 20.7, ""Middle"": 5.2, ""Graduate"": 10.6, ""Higher secondary"": 21.2, ""Technical diploma/certificate"": 7.5, ""Graduate with technical degree"": 0.7, ""Post graduate with technical degree"": 3.1, ""Literate but no formal schooling"": 0.2, ""Level 13"": 0.2}",5
Building Finishers and Related Trades Workers,Craft & Trades,building-finishers-and-related-trades-workers,713,17500,210000,412,9,Fast Growth,2.2,100.0,0.0,"{""Higher secondary"": 32.5, ""Middle"": 2.2, ""Not literate"": 8.7, ""Technical diploma/certificate"": 12.9, ""Secondary"": 14.8, ""Graduate"": 22.6, ""Graduate with technical degree"": 1.9, ""Post graduate with technical degree"": 4.1, ""Level 13"": 0.2}",7
Packagers and Hand Packers,Elementary,packagers-and-hand-packers,952,10625,127500,403,5,Moderate Growth,14.6,100.0,0.0,"{""Not literate"": 26.1, ""Technical diploma/certificate"": 6.2, ""Post graduate with technical degree"": 3.5, ""Higher secondary"": 27.0, ""Middle"": 5.2, ""Graduate"": 10.9, ""Secondary"": 19.9, ""Graduate with technical degree"": 1.0, ""Level 13"": 0.2}",2
Finance and Accounting Clerks,Clerical Support,finance-and-accounting-clerks,421,,,384,8,Fast Growth,21.1,100.0,0.0,"{""Technical diploma/certificate"": 20.3, ""Level 13"": 12.2, ""Higher secondary"": 5.5, ""Post graduate with technical degree"": 49.2, ""Graduate with technical degree"": 2.6, ""Secondary"": 1.8, ""Graduate"": 8.3}",0
"Wood Treaters, Cabinet-makers and Related Trades Workers",Craft & Trades,"wood-treaters,-cabinet-makers-and-related-trades-workers",742,,,382,9,Fast Growth,0.5,100.0,0.0,"{""Post graduate with technical degree"": 21.5, ""Graduate"": 20.4, ""Secondary"": 4.7, ""Technical diploma/certificate"": 22.3, ""Higher secondary"": 17.8, ""Graduate with technical degree"": 7.3, ""Level 13"": 2.9, ""Not literate"": 1.6, ""Middle"": 1.6}",0
"Sales, Marketing and Development Managers",Managers,"sales,-marketing-and-development-managers",122,18750,225000,375,13,Fast Growth,12.5,100.0,0.0,"{""Post graduate with technical degree"": 50.1, ""Level 13"": 27.7, ""Technical diploma/certificate"": 8.3, ""Graduate with technical degree"": 2.4, ""Higher secondary"": 5.1, ""Graduate"": 4.3, ""Secondary"": 1.3, ""Middle"": 0.8}",1
"Textile, Fur and Leather Products Machine Operators",Machine Operators,"textile,-fur-and-leather-products-machine-operators",816,,,370,7,Moderate Growth,14.6,100.0,0.0,"{""Graduate"": 17.3, ""Post graduate with technical degree"": 10.0, ""Middle"": 3.5, ""Higher secondary"": 27.6, ""Technical diploma/certificate"": 16.2, ""Secondary"": 10.3, ""Not literate"": 10.8, ""Graduate with technical degree"": 3.2, ""Level 13"": 0.8, ""Literate but no formal schooling"": 0.3}",0
Legal Professionals (Advanced),Professionals,legal-professionals-advanced,261,,,356,18,Very Fast Growth,20.5,100.0,0.0,"{""Level 13"": 39.9, ""Higher secondary"": 1.4, ""Post graduate with technical degree"": 55.6, ""Technical diploma/certificate"": 2.0, ""Graduate"": 1.1}",0
Finance Professionals,Professionals,finance-professionals,243,,,344,18,Very Fast Growth,11.9,100.0,0.0,"{""Level 13"": 16.9, ""Technical diploma/certificate"": 10.8, ""Higher secondary"": 2.3, ""Post graduate with technical degree"": 62.2, ""Graduate with technical degree"": 3.8, ""Graduate"": 3.8, ""Not literate"": 0.3}",0
"Vehicle, Window, Laundry and Other Hand Cleaning Workers",Elementary,"vehicle,-window,-laundry-and-other-hand-cleaning-workers",912,,,315,5,Moderate Growth,26.7,100.0,0.0,"{""Graduate"": 13.7, ""Not literate"": 24.8, ""Higher secondary"": 21.6, ""Secondary"": 16.5, ""Middle"": 8.3, ""Technical diploma/certificate"": 9.2, ""Graduate with technical degree"": 1.6, ""Level 13"": 1.0, ""Literate but no formal schooling"": 0.3, ""Post graduate with technical degree"": 3.2}",0
Secondary Education Teachers,Professionals,secondary-education-teachers,222,,,311,18,Very Fast Growth,84.6,100.0,0.0,"{""Post graduate with technical degree"": 51.4, ""Technical diploma/certificate"": 16.7, ""Graduate with technical degree"": 20.6, ""Graduate"": 4.8, ""Higher secondary"": 3.2, ""Level 13"": 2.9, ""Not literate"": 0.3}",0
"Supply Chain, Logistics and Transport Managers",Managers,"supply-chain,-logistics-and-transport-managers",132,,,307,13,Fast Growth,8.8,100.0,0.0,"{""Middle"": 1.6, ""Higher secondary"": 8.5, ""Graduate"": 10.1, ""Post graduate with technical degree"": 39.7, ""Not literate"": 2.6, ""Graduate with technical degree"": 6.5, ""Secondary"": 2.3, ""Technical diploma/certificate"": 12.4, ""Level 13"": 16.3}",0
Mobile Farm and Heavy Plant Machinery Drivers,Machine Operators,mobile-farm-and-heavy-plant-machinery-drivers,834,,,296,7,Moderate Growth,1.0,100.0,0.0,"{""Not literate"": 5.4, ""Secondary"": 14.5, ""Middle"": 2.7, ""Post graduate with technical degree"": 3.4, ""Higher secondary"": 33.1, ""Graduate"": 24.0, ""Technical diploma/certificate"": 11.8, ""Graduate with technical degree"": 4.1, ""Level 13"": 1.0}",0
Waiters and Bartenders,Service & Sales,waiters-and-bartenders,513,,,292,11,Fast Growth,13.0,100.0,0.0,"{""Technical diploma/certificate"": 18.2, ""Middle"": 6.2, ""Graduate"": 18.2, ""Not literate"": 6.8, ""Graduate with technical degree"": 1.4, ""Higher secondary"": 33.9, ""Secondary"": 9.2, ""Post graduate with technical degree"": 5.5, ""Level 13"": 0.7}",0
Photographers and Image and Sound Recording Equipment Operators,Technicians & Associates,photographers-and-image-and-sound-recording-equipment-operators,343,10000,120000,290,15,Very Fast Growth,14.1,100.0,0.0,"{""Graduate"": 12.4, ""Technical diploma/certificate"": 19.7, ""Post graduate with technical degree"": 38.3, ""Graduate with technical degree"": 5.5, ""Secondary"": 2.1, ""Level 13"": 9.3, ""Higher secondary"": 12.1, ""Middle"": 0.7}",1
Medical and Pharmaceutical Technicians,Technicians & Associates,medical-and-pharmaceutical-technicians,321,,,279,15,Very Fast Growth,33.0,100.0,0.0,"{""Post graduate with technical degree"": 45.9, ""Technical diploma/certificate"": 10.0, ""Graduate with technical degree"": 27.6, ""Graduate"": 6.1, ""Level 13"": 8.6, ""Higher secondary"": 1.8}",0
University and Higher Education Teachers,Professionals,university-and-higher-education-teachers,221,,,263,18,Very Fast Growth,33.1,100.0,0.0,"{""Post graduate with technical degree"": 52.1, ""Level 13"": 37.6, ""Graduate with technical degree"": 3.4, ""Technical diploma/certificate"": 3.8, ""Graduate"": 2.3, ""Higher secondary"": 0.8}",0
Administrative Secretaries,Technicians & Associates,administrative-secretaries,334,,,257,15,Very Fast Growth,21.8,100.0,0.0,"{""Graduate"": 7.0, ""Technical diploma/certificate"": 14.8, ""Post graduate with technical degree"": 52.5, ""Higher secondary"": 5.4, ""Level 13"": 14.0, ""Graduate with technical degree"": 5.1, ""Secondary"": 0.8, ""Not literate"": 0.4}",0
Child Care Workers and Teachers' Aides,Service & Sales,child-care-workers-and-teachers'-aides,531,7500,90000,253,11,Fast Growth,96.4,100.0,0.0,"{""Technical diploma/certificate"": 16.2, ""Graduate"": 15.8, ""Not literate"": 9.9, ""Middle"": 4.7, ""Secondary"": 11.9, ""Post graduate with technical degree"": 11.5, ""Higher secondary"": 26.5, ""Level 13"": 2.8, ""Graduate with technical degree"": 0.8}",1
Commercial Sales Representatives,Technicians & Associates,commercial-sales-representatives,333,,,253,15,Very Fast Growth,4.0,100.0,0.0,"{""Level 13"": 7.9, ""Post graduate with technical degree"": 31.2, ""Technical diploma/certificate"": 21.3, ""Higher secondary"": 15.0, ""Middle"": 1.6, ""Secondary"": 4.0, ""Graduate"": 14.6, ""Graduate with technical degree"": 2.0, ""Not literate"": 2.4}",0
Other Plant and Machine Operators,Machine Operators,other-plant-and-machine-operators,818,15000,180000,251,7,Moderate Growth,12.0,100.0,0.0,"{""Post graduate with technical degree"": 12.4, ""Graduate"": 23.9, ""Higher secondary"": 27.5, ""Technical diploma/certificate"": 17.9, ""Secondary"": 6.8, ""Not literate"": 5.6, ""Graduate with technical degree"": 5.2, ""Level 13"": 0.8}",1
Chemical Products Plant and Machine Operators,Machine Operators,chemical-products-plant-and-machine-operators,814,,,248,7,Moderate Growth,12.9,100.0,0.0,"{""Graduate"": 16.1, ""Technical diploma/certificate"": 20.2, ""Middle"": 3.2, ""Higher secondary"": 25.0, ""Secondary"": 9.7, ""Not literate"": 7.7, ""Graduate with technical degree"": 8.1, ""Post graduate with technical degree"": 9.3, ""Literate but no formal schooling"": 0.4, ""Level 13"": 0.4}",0
"Statistical, Finance and Insurance Clerks",Clerical Support,"statistical,-finance-and-insurance-clerks",422,,,238,16,Very Fast Growth,50.4,100.0,0.0,"{""Post graduate with technical degree"": 46.2, ""Technical diploma/certificate"": 23.9, ""Graduate"": 10.5, ""Higher secondary"": 7.1, ""Graduate with technical degree"": 4.6, ""Level 13"": 7.1, ""Not literate"": 0.4}",0
Food Preparation Assistants,Elementary,food-preparation-assistants,941,,,237,5,Moderate Growth,44.7,100.0,0.0,"{""Higher secondary"": 28.7, ""Not literate"": 8.9, ""Secondary"": 19.8, ""Technical diploma/certificate"": 13.1, ""Graduate"": 16.0, ""Middle"": 5.1, ""Post graduate with technical degree"": 6.8, ""Level 13"": 1.3, ""Graduate with technical degree"": 0.4}",0
Physical and Engineering Science Technicians,Technicians & Associates,physical-and-engineering-science-technicians,311,,,231,15,Very Fast Growth,9.1,100.0,0.0,"{""Technical diploma/certificate"": 8.7, ""Post graduate with technical degree"": 40.7, ""Level 13"": 10.0, ""Graduate with technical degree"": 26.4, ""Higher secondary"": 2.2, ""Graduate"": 12.1}",0
"Messengers, Porters, Doorkeepers and Related Workers",Elementary,"messengers,-porters,-doorkeepers-and-related-workers",962,30000,360000,227,5,Moderate Growth,16.3,100.0,0.0,"{""Graduate"": 16.7, ""Technical diploma/certificate"": 16.3, ""Post graduate with technical degree"": 12.8, ""Higher secondary"": 26.9, ""Graduate with technical degree"": 2.2, ""Middle"": 4.4, ""Not literate"": 10.6, ""Level 13"": 2.2, ""Secondary"": 7.9}",1
Travel Attendants and Travel Stewards,Service & Sales,travel-attendants-and-travel-stewards,511,,,224,11,Fast Growth,7.6,100.0,0.0,"{""Graduate"": 16.5, ""Post graduate with technical degree"": 25.0, ""Higher secondary"": 15.6, ""Graduate with technical degree"": 3.1, ""Technical diploma/certificate"": 29.0, ""Middle"": 1.8, ""Not literate"": 1.3, ""Level 13"": 4.0, ""Secondary"": 3.6}",0
Professional Services Managers,Managers,professional-services-managers,134,,,224,13,Fast Growth,21.9,100.0,0.0,"{""Post graduate with technical degree"": 54.5, ""Level 13"": 37.9, ""Higher secondary"": 0.9, ""Graduate with technical degree"": 1.8, ""Secondary"": 0.4, ""Technical diploma/certificate"": 4.5}",0
Other Personal Services Workers,Service & Sales,other-personal-services-workers,516,,,212,11,Fast Growth,28.3,100.0,0.0,"{""Middle"": 4.2, ""Secondary"": 12.7, ""Higher secondary"": 24.5, ""Technical diploma/certificate"": 14.2, ""Graduate"": 19.3, ""Level 13"": 3.3, ""Not literate"": 11.3, ""Post graduate with technical degree"": 9.4, ""Graduate with technical degree"": 0.9}",0
Creative and Performing Artists,Professionals,creative-and-performing-artists,265,13750,165000,209,18,Very Fast Growth,9.6,100.0,0.0,"{""Not literate"": 8.1, ""Higher secondary"": 19.6, ""Technical diploma/certificate"": 13.4, ""Level 13"": 7.2, ""Middle"": 3.8, ""Graduate"": 14.4, ""Secondary"": 12.4, ""Post graduate with technical degree"": 19.6, ""Graduate with technical degree"": 1.4}",2
Policy and Planning Managers,Managers,policy-and-planning-managers,143,,,209,13,Fast Growth,11.5,100.0,0.0,"{""Technical diploma/certificate"": 10.5, ""Post graduate with technical degree"": 51.7, ""Secondary"": 1.0, ""Higher secondary"": 5.7, ""Graduate with technical degree"": 2.9, ""Graduate"": 8.1, ""Level 13"": 19.6, ""Not literate"": 0.5}",0
"Blacksmiths, Toolmakers and Related Trades Workers",Craft & Trades,"blacksmiths,-toolmakers-and-related-trades-workers",722,,,205,9,Fast Growth,2.9,100.0,0.0,"{""Secondary"": 13.2, ""Graduate"": 20.0, ""Higher secondary"": 18.5, ""Middle"": 7.8, ""Post graduate with technical degree"": 9.3, ""Not literate"": 7.8, ""Technical diploma/certificate"": 14.6, ""Graduate with technical degree"": 7.3, ""Level 13"": 1.5}",0
Process Control Technicians,Technicians & Associates,process-control-technicians,313,,,188,15,Very Fast Growth,6.9,100.0,0.0,"{""Higher secondary"": 15.4, ""Graduate"": 14.9, ""Secondary"": 6.4, ""Graduate with technical degree"": 13.3, ""Post graduate with technical degree"": 24.5, ""Level 13"": 10.1, ""Technical diploma/certificate"": 12.8, ""Middle"": 1.6, ""Not literate"": 1.1}",0
"Glass, Ceramics and Related Plant Operators",Machine Operators,"glass,-ceramics-and-related-plant-operators",813,,,184,7,Moderate Growth,17.4,100.0,0.0,"{""Technical diploma/certificate"": 17.4, ""Higher secondary"": 24.5, ""Graduate with technical degree"": 12.0, ""Graduate"": 16.8, ""Secondary"": 3.3, ""Not literate"": 6.0, ""Post graduate with technical degree"": 16.3, ""Middle"": 1.6, ""Level 13"": 2.2}",0
Legislators and Senior Officials,Managers,legislators-and-senior-officials,111,5000,60000,183,13,Fast Growth,31.1,100.0,0.0,"{""Higher secondary"": 10.9, ""Technical diploma/certificate"": 12.0, ""Secondary"": 7.1, ""Middle"": 3.3, ""Graduate"": 7.1, ""Level 13"": 30.1, ""Post graduate with technical degree"": 25.7, ""Graduate with technical degree"": 2.2, ""Not literate"": 1.6}",1
Finance Managers,Managers,finance-managers,141,,,181,13,Fast Growth,11.0,100.0,0.0,"{""Graduate"": 14.4, ""Middle"": 1.7, ""Technical diploma/certificate"": 22.1, ""Higher secondary"": 16.6, ""Post graduate with technical degree"": 30.9, ""Secondary"": 4.4, ""Level 13"": 5.5, ""Not literate"": 2.2, ""Graduate with technical degree"": 2.2}",0
Personnel Clerks,Clerical Support,personnel-clerks,432,,,181,8,Fast Growth,11.6,100.0,0.0,"{""Level 13"": 6.1, ""Post graduate with technical degree"": 33.1, ""Higher secondary"": 12.7, ""Middle"": 2.2, ""Graduate with technical degree"": 8.3, ""Technical diploma/certificate"": 17.7, ""Graduate"": 15.5, ""Not literate"": 1.1, ""Secondary"": 3.3}",0
Government Regulatory Officials,Technicians & Associates,government-regulatory-officials,335,,,180,15,Very Fast Growth,22.8,100.0,0.0,"{""Graduate"": 9.4, ""Not literate"": 0.6, ""Higher secondary"": 2.2, ""Post graduate with technical degree"": 45.6, ""Technical diploma/certificate"": 21.7, ""Secondary"": 3.3, ""Level 13"": 13.3, ""Graduate with technical degree"": 3.9}",0
Metal Processing and Finishing Plant Operators,Machine Operators,metal-processing-and-finishing-plant-operators,812,,,180,7,Moderate Growth,2.2,100.0,0.0,"{""Technical diploma/certificate"": 23.3, ""Graduate"": 17.8, ""Higher secondary"": 24.4, ""Post graduate with technical degree"": 12.8, ""Graduate with technical degree"": 9.4, ""Not literate"": 4.4, ""Secondary"": 5.0, ""Middle"": 1.7, ""Level 13"": 1.1}",0
Jewellery and Precious Metal Workers,Craft & Trades,jewellery-and-precious-metal-workers,732,,,180,9,Fast Growth,7.8,100.0,0.0,"{""Post graduate with technical degree"": 23.9, ""Graduate"": 22.2, ""Graduate with technical degree"": 3.3, ""Technical diploma/certificate"": 20.6, ""Higher secondary"": 17.2, ""Secondary"": 6.7, ""Level 13"": 1.1, ""Not literate"": 3.3, ""Middle"": 1.7}",0
Financial and Mathematical Associate Professionals,Technicians & Associates,financial-and-mathematical-associate-professionals,331,,,179,15,Very Fast Growth,17.9,100.0,0.0,"{""Graduate"": 4.5, ""Post graduate with technical degree"": 52.5, ""Technical diploma/certificate"": 16.8, ""Level 13"": 19.6, ""Graduate with technical degree"": 4.5, ""Higher secondary"": 1.7, ""Secondary"": 0.6}",0
Business and Administration Professionals,Professionals,business-and-administration-professionals,242,,,177,25,Very Fast Growth,33.9,100.0,0.0,"{""Level 13"": 33.9, ""Post graduate with technical degree"": 47.5, ""Technical diploma/certificate"": 7.3, ""Graduate"": 6.2, ""Higher secondary"": 2.3, ""Graduate with technical degree"": 2.3, ""Secondary"": 0.6}",0
Electronics Engineers,Professionals,electronics-engineers,216,,,167,25,Very Fast Growth,28.7,100.0,0.0,"{""Technical diploma/certificate"": 8.4, ""Graduate"": 4.8, ""Graduate with technical degree"": 16.2, ""Higher secondary"": 3.6, ""Post graduate with technical degree"": 55.1, ""Level 13"": 11.4, ""Not literate"": 0.6}",0
Cashiers and Ticket Clerks,Service & Sales,cashiers-and-ticket-clerks,523,,,155,11,Fast Growth,23.2,100.0,0.0,"{""Post graduate with technical degree"": 36.1, ""Graduate"": 14.2, ""Graduate with technical degree"": 2.6, ""Level 13"": 11.0, ""Higher secondary"": 8.4, ""Technical diploma/certificate"": 25.8, ""Not literate"": 1.3, ""Secondary"": 0.6}",0
Forestry and Related Workers,Agriculture & Fishery,forestry-and-related-workers,621,6000,72000,149,-2,Slow Decline,18.1,100.0,0.0,"{""Middle"": 4.7, ""Graduate"": 12.8, ""Technical diploma/certificate"": 15.4, ""Higher secondary"": 24.2, ""Secondary"": 10.7, ""Not literate"": 14.8, ""Post graduate with technical degree"": 12.1, ""Graduate with technical degree"": 1.3, ""Level 13"": 4.0}",4
Human Resources Managers,Managers,human-resources-managers,142,,,144,13,Fast Growth,9.7,100.0,0.0,"{""Secondary"": 5.6, ""Not literate"": 3.5, ""Technical diploma/certificate"": 16.7, ""Post graduate with technical degree"": 34.0, ""Higher secondary"": 11.8, ""Graduate"": 11.8, ""Middle"": 2.8, ""Graduate with technical degree"": 2.8, ""Level 13"": 11.1}",0
Information and Communications Technology Operations and User Support Technicians,Technicians & Associates,information-and-communications-technology-operations-and-user-support-technicians,351,,,123,23,Very Fast Growth,26.0,100.0,0.0,"{""Post graduate with technical degree"": 56.1, ""Level 13"": 16.3, ""Higher secondary"": 3.3, ""Technical diploma/certificate"": 12.2, ""Graduate with technical degree"": 6.5, ""Graduate"": 4.1, ""Secondary"": 1.6}",0
Metal Products Machine Operators,Machine Operators,metal-products-machine-operators,821,16250,195000,109,7,Moderate Growth,15.6,100.0,0.0,"{""Graduate with technical degree"": 16.5, ""Post graduate with technical degree"": 22.9, ""Technical diploma/certificate"": 19.3, ""Graduate"": 17.4, ""Higher secondary"": 15.6, ""Secondary"": 5.5, ""Not literate"": 1.8, ""Level 13"": 0.9}",1
Electrical Engineers,Professionals,electrical-engineers,215,,,99,18,Very Fast Growth,11.1,100.0,0.0,"{""Graduate with technical degree"": 25.3, ""Post graduate with technical degree"": 59.6, ""Level 13"": 8.1, ""Technical diploma/certificate"": 5.1, ""Graduate"": 1.0, ""Not literate"": 1.0}",0
Database and Network Professionals,Professionals,database-and-network-professionals,252,,,94,25,Very Fast Growth,29.8,100.0,0.0,"{""Post graduate with technical degree"": 74.5, ""Technical diploma/certificate"": 4.3, ""Level 13"": 13.8, ""Graduate with technical degree"": 4.3, ""Graduate"": 2.1, ""Middle"": 1.1}",0
Personal Care Workers in Health Services,Service & Sales,personal-care-workers-in-health-services,532,,,89,11,Fast Growth,48.3,100.0,0.0,"{""Post graduate with technical degree"": 13.5, ""Technical diploma/certificate"": 21.3, ""Graduate"": 23.6, ""Higher secondary"": 22.5, ""Graduate with technical degree"": 6.7, ""Secondary"": 4.5, ""Not literate"": 5.6, ""Middle"": 2.2}",0
Telecommunications and Broadcasting Technicians,Technicians & Associates,telecommunications-and-broadcasting-technicians,352,,,88,15,Very Fast Growth,8.0,100.0,0.0,"{""Higher secondary"": 10.2, ""Post graduate with technical degree"": 37.5, ""Technical diploma/certificate"": 20.5, ""Graduate"": 13.6, ""Graduate with technical degree"": 10.2, ""Secondary"": 5.7, ""Middle"": 1.1, ""Level 13"": 1.1}",0
Other Teaching Professionals,Professionals,other-teaching-professionals,224,,,85,18,Very Fast Growth,21.2,100.0,0.0,"{""Level 13"": 3.5, ""Technical diploma/certificate"": 27.1, ""Post graduate with technical degree"": 37.6, ""Higher secondary"": 3.5, ""Graduate with technical degree"": 16.5, ""Graduate"": 10.6, ""Secondary"": 1.2}",0
Information and Communications Technology Services Managers,Managers,information-and-communications-technology-services-managers,133,,,84,21,Very Fast Growth,20.2,100.0,0.0,"{""Graduate"": 2.4, ""Graduate with technical degree"": 3.6, ""Post graduate with technical degree"": 47.6, ""Technical diploma/certificate"": 8.3, ""Level 13"": 38.1}",0
Mining and Mineral Processing Plant Operators,Machine Operators,mining-and-mineral-processing-plant-operators,811,,,81,7,Moderate Growth,8.6,100.0,0.0,"{""Technical diploma/certificate"": 17.3, ""Higher secondary"": 25.9, ""Middle"": 3.7, ""Graduate"": 11.1, ""Post graduate with technical degree"": 11.1, ""Not literate"": 9.9, ""Secondary"": 17.3, ""Graduate with technical degree"": 3.7}",0
Locomotive Engine Drivers and Related Workers,Machine Operators,locomotive-engine-drivers-and-related-workers,831,,,81,7,Moderate Growth,1.2,100.0,0.0,"{""Technical diploma/certificate"": 11.1, ""Graduate with technical degree"": 13.6, ""Higher secondary"": 14.8, ""Level 13"": 7.4, ""Not literate"": 2.5, ""Post graduate with technical degree"": 30.9, ""Secondary"": 2.5, ""Graduate"": 16.0, ""Middle"": 1.2}",0
Secretaries,Clerical Support,secretaries,412,,,78,8,Fast Growth,16.7,100.0,0.0,"{""Secondary"": 2.6, ""Post graduate with technical degree"": 52.6, ""Technical diploma/certificate"": 11.5, ""Graduate"": 5.1, ""Level 13"": 19.2, ""Higher secondary"": 5.1, ""Graduate with technical degree"": 3.8}",0
"Subsistence Fishers, Hunters and Gatherers",Agriculture & Fishery,"subsistence-fishers,-hunters-and-gatherers",634,6250,75000,76,-2,Slow Decline,89.5,100.0,0.0,"{""Not literate"": 34.2, ""Secondary"": 19.7, ""Technical diploma/certificate"": 2.6, ""Higher secondary"": 19.7, ""Middle"": 13.2, ""Graduate"": 10.5}",1
Sports and Fitness Workers,Technicians & Associates,sports-and-fitness-workers,342,,,76,15,Very Fast Growth,23.7,100.0,0.0,"{""Post graduate with technical degree"": 36.8, ""Technical diploma/certificate"": 26.3, ""Level 13"": 13.2, ""Graduate with technical degree"": 6.6, ""Graduate"": 7.9, ""Higher secondary"": 7.9, ""Not literate"": 1.3}",0
"Legal, Social and Religious Associate Professionals",Technicians & Associates,"legal,-social-and-religious-associate-professionals",341,,,71,15,Very Fast Growth,8.5,100.0,0.0,"{""Graduate"": 12.7, ""Primary"": 1.4, ""Higher secondary"": 19.7, ""Post graduate with technical degree"": 26.8, ""Secondary"": 5.6, ""Technical diploma/certificate"": 12.7, ""Not literate"": 1.4, ""Level 13"": 9.9, ""Graduate with technical degree"": 4.2, ""Middle"": 5.6}",0
"Writers, Journalists and Linguists",Professionals,"writers,-journalists-and-linguists",264,,,67,25,Very Fast Growth,13.4,100.0,0.0,"{""Post graduate with technical degree"": 55.2, ""Technical diploma/certificate"": 11.9, ""Graduate"": 4.5, ""Level 13"": 22.4, ""Higher secondary"": 3.0, ""Graduate with technical degree"": 3.0}",0
Legal Professionals,Professionals,legal-professionals,232,,,58,18,Very Fast Growth,44.8,100.0,0.0,"{""Post graduate with technical degree"": 37.9, ""Technical diploma/certificate"": 6.9, ""Graduate with technical degree"": 13.8, ""Level 13"": 36.2, ""Graduate"": 1.7, ""Secondary"": 1.7, ""Higher secondary"": 1.7}",0
"Computing Equipment, Furniture and Sports Equipment Controllers",Elementary,"computing-equipment,-furniture-and-sports-equipment-controllers",951,12500,150000,56,5,Moderate Growth,16.1,100.0,0.0,"{""Higher secondary"": 30.4, ""Secondary"": 19.6, ""Middle"": 5.4, ""Graduate"": 14.3, ""Not literate"": 16.1, ""Technical diploma/certificate"": 7.1, ""Level 13"": 1.8, ""Post graduate with technical degree"": 3.6, ""Graduate with technical degree"": 1.8}",3
Wood Products Plant and Machine Operators,Machine Operators,wood-products-plant-and-machine-operators,817,,,56,7,Moderate Growth,8.9,100.0,0.0,"{""Middle"": 1.8, ""Technical diploma/certificate"": 16.1, ""Secondary"": 16.1, ""Graduate"": 23.2, ""Higher secondary"": 28.6, ""Not literate"": 8.9, ""Graduate with technical degree"": 3.6, ""Post graduate with technical degree"": 1.8}",0
Primary and Pre-Primary Education Teachers,Professionals,primary-and-pre-primary-education-teachers,223,,,44,18,Very Fast Growth,25.0,100.0,0.0,"{""Technical diploma/certificate"": 6.8, ""Higher secondary"": 9.1, ""Secondary"": 2.3, ""Post graduate with technical degree"": 59.1, ""Level 13"": 15.9, ""Graduate"": 2.3, ""Graduate with technical degree"": 2.3, ""Not literate"": 2.3}",0
Veterinary Technicians and Assistants,Technicians & Associates,veterinary-technicians-and-assistants,324,,,41,15,Very Fast Growth,17.1,100.0,0.0,"{""Technical diploma/certificate"": 26.8, ""Higher secondary"": 24.4, ""Post graduate with technical degree"": 29.3, ""Graduate"": 7.3, ""Graduate with technical degree"": 4.9, ""Level 13"": 7.3}",0
Production and Operations Managers,Managers,production-and-operations-managers,131,,,35,13,Fast Growth,11.4,100.0,0.0,"{""Higher secondary"": 14.3, ""Middle"": 14.3, ""Technical diploma/certificate"": 14.3, ""Secondary"": 5.7, ""Post graduate with technical degree"": 20.0, ""Not literate"": 2.9, ""Level 13"": 22.9, ""Graduate"": 5.7}",0
Ships' Deck Crews and Related Workers,Machine Operators,ships'-deck-crews-and-related-workers,835,,,33,7,Moderate Growth,0.0,100.0,0.0,"{""Not literate"": 18.2, ""Higher secondary"": 24.2, ""Technical diploma/certificate"": 27.3, ""Graduate with technical degree"": 9.1, ""Post graduate with technical degree"": 6.1, ""Secondary"": 6.1, ""Graduate"": 6.1, ""Middle"": 3.0}",0
Librarians and Related Information Professionals,Professionals,librarians-and-related-information-professionals,262,,,33,18,Very Fast Growth,48.5,100.0,0.0,"{""Technical diploma/certificate"": 18.2, ""Post graduate with technical degree"": 45.5, ""Level 13"": 30.3, ""Graduate with technical degree"": 3.0, ""Graduate"": 3.0}",0
"Physicists, Chemists and Related Professionals",Professionals,"physicists,-chemists-and-related-professionals",211,,,33,18,Very Fast Growth,18.2,100.0,0.0,"{""Level 13"": 36.4, ""Post graduate with technical degree"": 57.6, ""Graduate with technical degree"": 6.1}",0
Life Science Technicians,Technicians & Associates,life-science-technicians,314,,,28,15,Very Fast Growth,32.1,100.0,0.0,"{""Post graduate with technical degree"": 50.0, ""Level 13"": 14.3, ""Graduate with technical degree"": 14.3, ""Technical diploma/certificate"": 14.3, ""Graduate"": 7.1}",0
Marine and Flight Engineers,Technicians & Associates,marine-and-flight-engineers,315,,,21,15,Very Fast Growth,9.5,100.0,0.0,"{""Post graduate with technical degree"": 71.4, ""Graduate with technical degree"": 14.3, ""Level 13"": 4.8, ""Technical diploma/certificate"": 9.5}",0
Traditional and Complementary Medicine Professionals,Technicians & Associates,traditional-and-complementary-medicine-professionals,323,,,20,15,Very Fast Growth,70.0,100.0,0.0,"{""Higher secondary"": 15.0, ""Graduate"": 30.0, ""Post graduate with technical degree"": 25.0, ""Level 13"": 15.0, ""Technical diploma/certificate"": 15.0}",0
Life Science Professionals,Professionals,life-science-professionals,213,,,15,18,Very Fast Growth,13.3,100.0,0.0,"{""Post graduate with technical degree"": 33.3, ""Level 13"": 46.7, ""Technical diploma/certificate"": 13.3, ""Graduate with technical degree"": 6.7}",0
"Mathematicians, Statisticians and Actuaries",Professionals,"mathematicians,-statisticians-and-actuaries",212,,,3,15,Very Fast Growth,33.3,100.0,0.0,"{""Level 13"": 66.7, ""Higher secondary"": 33.3}",0
